Poster,Clothes
"https://images-na.ssl-images-amazon.com/images/M/MV5BMjkwNWMyZjQtNmU5MS00ZWE1LWE3NzMtNGZjNTlhYzcwNjIzXkEyXkFqcGdeQXVyMTAwMzUyOTc@._V1_UX182_CR0,0,182,268_AL_.jpg",
"https://images-na.ssl-images-amazon.com/images/M/MV5BOTEwYzIxODEtMDBjNS00MjQ3LWJkMjEtMmYxYTg3YmIxNWVkXkEyXkFqcGdeQXVyMDUyOTUyNQ@@._V1_UX182_CR0,0,182,268_AL_.jpg",
"https://images-na.ssl-images-amazon.com/images/M/MV5BM2RmMWIyZDgtY2I4ZS00ZjgwLTlmZTYtY2E2ZmI1Y2IzOGQ4XkEyXkFqcGdeQXVyNTIzOTk5ODM@._V1_UX182_CR0,0,182,268_AL_.jpg",shirt
"https://images-na.ssl-images-amazon.com/images/M/MV5BZWJkMjljNDYtMDYzOS00M2IyLTk5MzUtNzE5ZTA2ZGFkYjhiXkEyXkFqcGdeQXVyMTQxNzMzNDI@._V1_UX182_CR0,0,182,268_AL_.jpg",
"https://images-na.ssl-images-amazon.com/images/M/MV5BMTcyMDk3NzAwMF5BMl5BanBnXkFtZTgwMjk1Nzk1MjE@._V1_UX182_CR0,0,182,268_AL_.jpg",hat
"https://images-na.ssl-images-amazon.com/images/M/MV5BMTg5MTMyOTI2M15BMl5BanBnXkFtZTcwNzE4NTQxOQ@@._V1_UY268_CR3,0,182,268_AL_.jpg",hat
"https://images-na.ssl-images-amazon.com/images/M/MV5BMTg2MTAwNTE0M15BMl5BanBnXkFtZTcwMjEwMDgwOQ@@._V1_UX182_CR0,0,182,268_AL_.jpg",jacket
"https://images-na.ssl-images-amazon.com/images/M/MV5BMTQwMDUxMjE5M15BMl5BanBnXkFtZTgwMDIzODExMTE@._V1_UY268_CR0,0,182,268_AL_.jpg",jacket
"https://images-na.ssl-images-amazon.com/images/M/MV5BMTY0MTg0ODc3OF5BMl5BanBnXkFtZTgwNjEzNzY0MTE@._V1_UY268_CR9,0,182,268_AL_.jpg",jacket
"https://images-na.ssl-images-amazon.com/images/M/MV5BMTIxOTY2MDA4NV5BMl5BanBnXkFtZTcwNjMzNDQzMQ@@._V1_UX182_CR0,0,182,268_AL_.jpg",jacket
"https://images-na.ssl-images-amazon.com/images/M/MV5BMTg0ODQ4OTE0OF5BMl5BanBnXkFtZTgwNzQwMTk3MjE@._V1_UY268_CR3,0,182,268_AL_.jpg",
"https://images-na.ssl-images-amazon.com/images/M/MV5BNTY3OTY3NjQ3Nl5BMl5BanBnXkFtZTgwMTI2NzY0MTE@._V1_UY268_CR7,0,182,268_AL_.jpg",jacket|hat
"https://images-na.ssl-images-amazon.com/images/M/MV5BMTgyNTAzNjY4OV5BMl5BanBnXkFtZTcwODU4Nzk0MQ@@._V1_UY268_CR5,0,182,268_AL_.jpg",shirt
"https://images-na.ssl-images-amazon.com/images/M/MV5BMTgxNDYwMjc5MV5BMl5BanBnXkFtZTcwOTczNDMwMg@@._V1_UY268_CR14,0,182,268_AL_.jpg",
