imdbId,Imdb Link,Title,IMDB Score,Genre,Poster,Objects,MainThemes,Clothes,Emotions,NSFW,Image width,Image height,Bits/pixel,Pixel format,Compression,Format version,MIME type,Endianness
1821426,http://www.imdb.com/title/tt1821426,Family Weekend (2013),6.3,Comedy|Drama,"https://images-na.ssl-images-amazon.com/images/M/MV5BMTg2MTAwNTE0M15BMl5BanBnXkFtZTcwMjEwMDgwOQ@@._V1_UX182_CR0,0,182,268_AL_.jpg",,,jacket,neutral,ok,,,,,,,,
1825842,http://www.imdb.com/title/tt1825842,L'industriale (2011),6.1,Drama,"https://images-na.ssl-images-amazon.com/images/M/MV5BMTg5MTMyOTI2M15BMl5BanBnXkFtZTcwNzE4NTQxOQ@@._V1_UY268_CR3,0,182,268_AL_.jpg",,,hat,neutral|neutral,ok,,,,,,,,
1270114,http://www.imdb.com/title/tt1270114,Saints and Soldiers: The Void (2014),5.2,Action|Drama|War,"https://images-na.ssl-images-amazon.com/images/M/MV5BMTQwMDUxMjE5M15BMl5BanBnXkFtZTgwMDIzODExMTE@._V1_UY268_CR0,0,182,268_AL_.jpg",Man,,jacket,,ok,,,,,,,,
111686,http://www.imdb.com/title/tt111686,New Nightmare (1994),6.4,Fantasy|Horror|Mystery,"https://images-na.ssl-images-amazon.com/images/M/MV5BM2RmMWIyZDgtY2I4ZS00ZjgwLTlmZTYtY2E2ZmI1Y2IzOGQ4XkEyXkFqcGdeQXVyNTIzOTk5ODM@._V1_UX182_CR0,0,182,268_AL_.jpg",Poster,,shirt,,ok,,,,,,,,
23470,http://www.imdb.com/title/tt23470,The Sign of the Cross (1932),6.9,Drama|History,"https://images-na.ssl-images-amazon.com/images/M/MV5BMTcyMDk3NzAwMF5BMl5BanBnXkFtZTgwMjk1Nzk1MjE@._V1_UX182_CR0,0,182,268_AL_.jpg",Poster|Face|Person,News magazine,hat,neutral,ok,,,,,,,,
66849,http://www.imdb.com/title/tt66849,The Blood on Satan's Claw (1971),6.4,Horror,"https://images-na.ssl-images-amazon.com/images/M/MV5BZWJkMjljNDYtMDYzOS00M2IyLTk5MzUtNzE5ZTA2ZGFkYjhiXkEyXkFqcGdeQXVyMTQxNzMzNDI@._V1_UX182_CR0,0,182,268_AL_.jpg",Poster|Person|Clothing,Queen,,,ok,,,,,,,,
112744,http://www.imdb.com/title/tt112744,The Crossing Guard (1995),6.3,Drama|Thriller,"https://images-na.ssl-images-amazon.com/images/M/MV5BMjkwNWMyZjQtNmU5MS00ZWE1LWE3NzMtNGZjNTlhYzcwNjIzXkEyXkFqcGdeQXVyMTAwMzUyOTc@._V1_UX182_CR0,0,182,268_AL_.jpg",Poster|Man,"Magazine, mag",,neutral,ok,,,,,,,,
60445,http://www.imdb.com/title/tt60445,Gambit (1966),7.1,Comedy|Crime|Thriller,"https://images-na.ssl-images-amazon.com/images/M/MV5BOTEwYzIxODEtMDBjNS00MjQ3LWJkMjEtMmYxYTg3YmIxNWVkXkEyXkFqcGdeQXVyMDUyOTUyNQ@@._V1_UX182_CR0,0,182,268_AL_.jpg",Poster|Person,"Web site, website, internet site, site",,,ok,,,,,,,,
871512,http://www.imdb.com/title/tt871512,Disengagement (2007),5.8,Drama,"https://images-na.ssl-images-amazon.com/images/M/MV5BMTY0MTg0ODc3OF5BMl5BanBnXkFtZTgwNjEzNzY0MTE@._V1_UY268_CR9,0,182,268_AL_.jpg",Poster|Woman,,jacket,neutral,ok,,,,,,,,
221115,http://www.imdb.com/title/tt221115,Denti (2000),6.6,Comedy|Drama|Romance,"https://images-na.ssl-images-amazon.com/images/M/MV5BMTIxOTY2MDA4NV5BMl5BanBnXkFtZTcwNjMzNDQzMQ@@._V1_UX182_CR0,0,182,268_AL_.jpg",Poster|Person,News magazine,jacket,neutral,ok,,,,,,,,
462392,http://www.imdb.com/title/tt462392,LOL (2006),4.8,Comedy|Drama,"https://images-na.ssl-images-amazon.com/images/M/MV5BMTgyNTAzNjY4OV5BMl5BanBnXkFtZTcwODU4Nzk0MQ@@._V1_UY268_CR5,0,182,268_AL_.jpg",Person|Clothing,"Lifeguard, lifesaver",shirt,,ok,,,,,,,,
3489470,http://www.imdb.com/title/tt3489470,Pas son genre (2014),6.5,Drama|Romance,"https://images-na.ssl-images-amazon.com/images/M/MV5BNTY3OTY3NjQ3Nl5BMl5BanBnXkFtZTgwMTI2NzY0MTE@._V1_UY268_CR7,0,182,268_AL_.jpg",Poster|Man,News magazine,jacket|hat,happiness|neutral,ok,,,,,,,,
1173907,http://www.imdb.com/title/tt1173907,Life After People (2008),7.4,Documentary|Sci-Fi,"https://images-na.ssl-images-amazon.com/images/M/MV5BMTgxNDYwMjc5MV5BMl5BanBnXkFtZTcwOTczNDMwMg@@._V1_UY268_CR14,0,182,268_AL_.jpg",Poster,,,,ok,,,,,,,,
3698408,http://www.imdb.com/title/tt3698408,Pek Yakinda (2014),7.7,Comedy,"https://images-na.ssl-images-amazon.com/images/M/MV5BMTg0ODQ4OTE0OF5BMl5BanBnXkFtZTgwNzQwMTk3MjE@._V1_UY268_CR3,0,182,268_AL_.jpg",Poster|Man,,,happiness|happiness|neutral,ok,,,,,,,,
